area,price,location
42.0,822000,"Wrocław, Stare Miasto"
42.0,489400,"Wrocław, Fabryczna"
80.1,870000,"Wrocław, Śródmieście"
36.0,500000,"Wrocław, Stare Miasto"
66.86,599999,"Wrocław, Śródmieście"
79.67,795000,"Wrocław, Fabryczna"
34.0,530000,"Wrocław, Stare Miasto"
42.0,580000,"Wrocław, Stare Miasto"
58.0,800000,Wrocław
38.04,610000,"Wrocław, Śródmieście"
50.0,799000,"Wrocław, Stare Miasto"
86.0,1299000,"Wrocław, Śródmieście"
17.1,252000,"Wrocław, Krzyki"
66.0,940000,"Wrocław, Krzyki"
20.35,400000,"Wrocław, Stare Miasto"
42.0,580000,"Wrocław, Stare Miasto"
46.24,655000,"Wrocław, Śródmieście"
80.3,795000,"Wrocław, Fabryczna"
39.84,565000,"Wrocław, Śródmieście"
44.3,639000,"Wrocław, Psie Pole"
40.25,629000,"Wrocław, Fabryczna"
42.52,545300,"Wrocław, Krzyki"
20.0,190000,"Wrocław, Psie Pole"
44.5,665000,"Wrocław, Psie Pole"
62.0,1080000,"Wrocław, Krzyki"
56.0,639000,"Wrocław, Stare Miasto"
66.0,829000,"Wrocław, Stare Miasto"
58.0,800000,Wrocław
44.8,573000,"Wrocław, Krzyki"
53.78,635000,"Wrocław, Krzyki"
40.0,570000,"Wrocław, Krzyki"
34.3,485000,"Wrocław, Fabryczna"
38.9,485000,"Wrocław, Psie Pole"
39.1,500000,Wrocław
68.0,699000,"Wrocław, Śródmieście"
52.8,644000,Wrocław
53.31,629058,"Wrocław, Krzyki"
50.0,684000,Wrocław
70.0,650000,"Wrocław, Fabryczna"
42.0,719000,"Wrocław, Psie Pole"
26.0,330950,"Wrocław, Fabryczna"
56.0,699000,"Wrocław, Śródmieście"
54.84,798998,"Wrocław, Psie Pole"
64.0,749000,"Wrocław, Krzyki"
33.81,519999,"Wrocław, Krzyki"
53.7,569000,"Wrocław, Krzyki"
48.8,618999,"Wrocław, Fabryczna"
67.2,780000,"Wrocław, Fabryczna"
135.5,1590000,"Wrocław, Krzyki"
34.0,499000,"Wrocław, Krzyki"
43.0,669000,"Wrocław, Psie Pole"
42.34,635000,"Wrocław, Krzyki"
52.04,624000,"Wrocław, Psie Pole"
60.0,610000,"Wrocław, Psie Pole"
42.0,549000,"Wrocław, Fabryczna"
71.5,786499,Wrocław
68.6,889000,"Wrocław, Fabryczna"
39.8,830000,"Wrocław, Stare Miasto"
60.0,630000,"Wrocław, Fabryczna"
35.3,525000,"Wrocław, Fabryczna"
32.0,430000,Wrocław
54.0,640000,"Wrocław, Fabryczna"
148.97,2234000,"Wrocław, Śródmieście"
53.0,580000,"Wrocław, Fabryczna"
52.95,841905,"Wrocław, Śródmieście"
26.0,330950,"Wrocław, Fabryczna"
64.0,590000,"Wrocław, Krzyki"
43.57,888000,"Wrocław, Stare Miasto"
51.0,611550,"Wrocław, Fabryczna"
42.0,489400,"Wrocław, Fabryczna"
48.1,636150,"Wrocław, Krzyki"
28.6,475000,"Wrocław, Fabryczna"
30.0,368950,"Wrocław, Fabryczna"
60.47,799000,"Wrocław, Fabryczna"
76.0,950000,"Wrocław, Śródmieście"
50.71,887000,"Wrocław, Fabryczna"
50.0,709000,"Wrocław, Krzyki"
38.9,485000,"Wrocław, Psie Pole"
39.22,570000,"Wrocław, Krzyki"
48.27,676000,"Wrocław, Krzyki"
41.84,606000,"Wrocław, Fabryczna"
48.17,660000,"Wrocław, Psie Pole"
26.0,331000,"Wrocław, Fabryczna"
60.79,830000,"Wrocław, Stare Miasto"
72.0,702637,"Wrocław, Fabryczna"
38.0,520000,"Wrocław, Śródmieście"
60.0,610000,"Wrocław, Psie Pole"
23.0,279000,"Wrocław, Psie Pole"
60.62,1290000,"Wrocław, Krzyki"
42.0,599900,"Wrocław, Fabryczna"
135.5,1590000,"Wrocław, Krzyki"
65.5,728000,"Wrocław, Psie Pole"
50.0,499000,"Wrocław, Stare Miasto"
44.0,568000,"Wrocław, Fabryczna"
68.0,790000,"Wrocław, Fabryczna"
23.0,279000,"Wrocław, Psie Pole"
184.0,3177700,"Wrocław, Fabryczna"
54.13,745000,"Wrocław, Krzyki"
59.0,799000,Wrocław
58.0,635000,"Wrocław, Psie Pole"
63.2,697900,"Wrocław, Krzyki"
42.0,639000,"Wrocław, Krzyki"
40.04,740700,"Wrocław, Krzyki"
60.0,610000,"Wrocław, Psie Pole"
70.6,940000,"Wrocław, Fabryczna"
46.8,575000,"Wrocław, Fabryczna"
58.0,623888,"Wrocław, Psie Pole"
54.86,679000,"Wrocław, Psie Pole"
43.95,659000,"Wrocław, Śródmieście"
80.1,870000,"Wrocław, Śródmieście"
97.21,1100000,"Wrocław, Stare Miasto"
59.0,649000,"Wrocław, Fabryczna"
55.0,655000,"Wrocław, Fabryczna"
45.72,595000,"Wrocław, Fabryczna"
20.35,400000,"Wrocław, Stare Miasto"
69.8,680000,"Wrocław, Fabryczna"
63.53,1025000,"Wrocław, Fabryczna"
34.81,525000,"Wrocław, Krzyki"
55.0,599000,"Wrocław, Stare Miasto"
48.8,619700,"Wrocław, Fabryczna"
53.55,556900,"Wrocław, Krzyki"
45.89,481845,"Wrocław, Krzyki"
30.43,357550,"Wrocław, Krzyki"
55.8,810000,"Wrocław, Fabryczna"
56.0,845000,"Wrocław, Krzyki"
59.68,480424,"Wrocław, Krzyki"
68.95,575732,"Wrocław, Krzyki"
37.82,357399,"Wrocław, Krzyki"
58.0,504600,"Wrocław, Krzyki"
29.0,402900,"Wrocław, Stare Miasto"
60.16,690000,"Wrocław, Śródmieście"
54.0,660000,"Wrocław, Krzyki"
68.0,835000,"Wrocław, Krzyki"
48.8,679000,"Wrocław, Fabryczna"
51.0,759000,"Wrocław, Fabryczna"
38.02,499000,"Wrocław, Śródmieście"
50.4,620000,Wrocław
76.13,720000,"Wrocław, Śródmieście"
85.0,819000,"Wrocław, Krzyki"
43.5,729000,"Wrocław, Fabryczna"
50.0,699000,"Wrocław, Krzyki"
49.88,699000,"Wrocław, Krzyki"
66.0,940000,"Wrocław, Krzyki"
39.1,505000,"Wrocław, Stare Miasto"
65.5,728000,"Wrocław, Psie Pole"
27.0,469000,"Wrocław, Stare Miasto"
65.7,819000,"Wrocław, Krzyki"
56.0,650000,"Wrocław, Fabryczna"
56.0,810000,"Wrocław, Fabryczna"
48.2,599000,"Wrocław, Krzyki"
41.0,585000,"Wrocław, Psie Pole"
54.0,790000,"Wrocław, Śródmieście"
23.0,279000,"Wrocław, Krzyki"
36.2,519000,"Wrocław, Stare Miasto"
120.0,4990000,"Wrocław, Krzyki"
42.0,822000,"Wrocław, Stare Miasto"
38.0,599000,"Wrocław, Stare Miasto"
53.11,961000,"Wrocław, Śródmieście"
62.0,499900,"Wrocław, Śródmieście"
48.0,589000,"Wrocław, Krzyki"
62.1,673000,"Wrocław, Krzyki"
66.0,829000,"Wrocław, Stare Miasto"
53.0,1690000,"Wrocław, Krzyki"
49.25,590000,"Wrocław, Krzyki"
49.0,806000,"Wrocław, Krzyki"
56.22,640000,"Wrocław, Psie Pole"
47.3,750000,"Wrocław, Fabryczna"
72.0,877000,"Wrocław, Krzyki"
67.2,780000,"Wrocław, Fabryczna"
40.25,629000,"Wrocław, Fabryczna"
45.0,649000,"Wrocław, Fabryczna"
43.36,670000,"Wrocław, Stare Miasto"
64.18,759999,"Wrocław, Śródmieście"
53.11,961000,"Wrocław, Śródmieście"
50.0,499000,"Wrocław, Stare Miasto"
39.1,505000,"Wrocław, Stare Miasto"
34.73,549000,"Wrocław, Krzyki"
65.0,789000,"Wrocław, Krzyki"
46.5,699000,"Wrocław, Śródmieście"
42.0,620000,"Wrocław, Krzyki"
47.3,573455,"Wrocław, Krzyki"
65.5,728000,"Wrocław, Psie Pole"
80.1,870000,"Wrocław, Śródmieście"
69.0,980000,"Wrocław, Stare Miasto"
88.61,1485600,"Wrocław, Krzyki"
50.0,790000,"Wrocław, Psie Pole"
74.08,999999,"Wrocław, Stare Miasto"
54.86,679000,"Wrocław, Psie Pole"
47.0,599999,"Wrocław, Krzyki"
77.78,769000,"Wrocław, Fabryczna"
60.09,729000,"Wrocław, Psie Pole"
52.5,999999,"Wrocław, Fabryczna"
54.0,660000,"Wrocław, Krzyki"
62.3,799000,"Wrocław, Krzyki"
54.86,679000,"Wrocław, Psie Pole"
39.1,505000,"Wrocław, Stare Miasto"
70.6,940000,"Wrocław, Fabryczna"
47.2,639000,"Wrocław, Fabryczna"
54.0,699000,"Wrocław, Fabryczna"
66.5,799000,"Wrocław, Psie Pole"
65.8,825000,"Wrocław, Krzyki"
69.0,690000,"Wrocław, Fabryczna"
78.91,844337,"Wrocław, Fabryczna"
59.88,670656,"Wrocław, Fabryczna"
29.7,490000,"Wrocław, Stare Miasto"
80.22,818244,"Wrocław, Fabryczna"
59.3,750000,"Wrocław, Śródmieście"
69.6,899000,"Wrocław, Psie Pole"
64.0,590000,"Wrocław, Krzyki"
50.0,499000,"Wrocław, Stare Miasto"
58.78,850000,"Wrocław, Fabryczna"
51.0,664700,"Wrocław, Stare Miasto"
72.0,650000,"Wrocław, Psie Pole"
42.0,822000,"Wrocław, Stare Miasto"
50.0,699000,"Wrocław, Psie Pole"
48.6,590000,"Wrocław, Fabryczna"
58.0,520000,Wrocław
54.98,659760,"Wrocław, Fabryczna"
54.66,850000,Wrocław
50.27,699000,"Wrocław, Psie Pole"
29.0,402900,"Wrocław, Stare Miasto"
52.0,590000,"Wrocław, Stare Miasto"
48.8,619700,"Wrocław, Fabryczna"
66.14,849000,"Wrocław, Psie Pole"
60.0,598500,"Wrocław, Fabryczna"
47.2,539000,"Wrocław, Śródmieście"
50.7,599000,"Wrocław, Krzyki"
40.67,525000,"Wrocław, Fabryczna"
58.58,819000,"Wrocław, Fabryczna"
48.0,585000,"Wrocław, Stare Miasto"
16.0,239000,"Wrocław, Śródmieście"
62.5,780000,"Wrocław, Fabryczna"
55.62,699000,"Wrocław, Fabryczna"
54.57,699000,"Wrocław, Krzyki"
38.9,485000,"Wrocław, Psie Pole"
53.0,580000,"Wrocław, Fabryczna"
36.88,569000,"Wrocław, Krzyki"
42.0,459000,"Wrocław, Śródmieście"
64.0,590000,"Wrocław, Krzyki"
45.39,570000,"Wrocław, Stare Miasto"
53.09,685000,"Wrocław, Krzyki"
43.5,913500,"Wrocław, Stare Miasto"
29.0,605850,"Wrocław, Stare Miasto"
52.0,724000,"Wrocław, Krzyki"
50.0,630000,"Wrocław, Stare Miasto"
36.19,530000,"Wrocław, Fabryczna"
49.88,699000,"Wrocław, Krzyki"
20.35,400000,"Wrocław, Stare Miasto"
26.5,389000,"Wrocław, Stare Miasto"
54.0,699000,"Wrocław, Fabryczna"
26.5,389000,"Wrocław, Fabryczna"
55.1,619000,"Wrocław, Fabryczna"
44.8,573000,"Wrocław, Krzyki"
34.74,495000,"Wrocław, Krzyki"
75.0,795000,"Wrocław, Śródmieście"
40.0,419000,"Wrocław, Śródmieście"
46.0,755000,"Wrocław, Śródmieście"
40.68,770000,"Wrocław, Krzyki"
46.0,1060000,"Wrocław, Stare Miasto"
38.9,485000,"Wrocław, Psie Pole"
46.5,699000,"Wrocław, Śródmieście"
52.04,624000,"Wrocław, Psie Pole"
51.75,679900,"Wrocław, Psie Pole"
58.58,819000,"Wrocław, Fabryczna"
28.3,375000,"Wrocław, Fabryczna"
71.95,925000,"Wrocław, Krzyki"
64.0,749000,"Wrocław, Stare Miasto"
79.0,749000,"Wrocław, Śródmieście"
35.67,449000,"Wrocław, Krzyki"
43.83,556203,"Wrocław, Krzyki"
40.81,476661,"Wrocław, Krzyki"
34.81,525000,"Wrocław, Krzyki"
42.0,549000,"Wrocław, Fabryczna"
52.22,667800,"Wrocław, Krzyki"
38.7,559000,"Wrocław, Psie Pole"
41.0,540000,"Wrocław, Krzyki"
66.86,599999,"Wrocław, Krzyki"
39.22,570000,"Wrocław, Krzyki"
59.93,629000,"Wrocław, Śródmieście"
69.0,814000,"Wrocław, Fabryczna"
58.0,634000,"Wrocław, Krzyki"
64.0,640000,"Wrocław, Psie Pole"
48.85,649000,"Wrocław, Krzyki"
61.2,829000,"Wrocław, Fabryczna"
47.9,695000,"Wrocław, Psie Pole"
69.6,899000,"Wrocław, Psie Pole"
36.8,530000,"Wrocław, Fabryczna"
34.7,320000,"Wrocław, Psie Pole"
49.1,540000,"Wrocław, Psie Pole"
97.0,890000,"Wrocław, Stare Miasto"
52.0,620000,"Wrocław, Krzyki"
63.8,640000,"Wrocław, Psie Pole"
66.0,680000,"Wrocław, Krzyki"
52.04,624000,"Wrocław, Psie Pole"
54.0,650000,"Wrocław, Stare Miasto"
53.5,535000,"Wrocław, Krzyki"
80.0,1265000,"Wrocław, Śródmieście"
54.1,529000,"Wrocław, Psie Pole"
32.0,430000,Wrocław
48.8,619700,"Wrocław, Fabryczna"
135.5,1590000,"Wrocław, Krzyki"
40.0,419000,"Wrocław, Stare Miasto"
78.42,840000,"Wrocław, Psie Pole"
64.2,963000,"Wrocław, Śródmieście"
52.42,499000,"Wrocław, Śródmieście"
73.5,1359000,"Wrocław, Śródmieście"
26.5,389000,"Wrocław, Stare Miasto"
34.67,589000,Wrocław
59.2,725000,"Wrocław, Krzyki"
24.0,395000,"Wrocław, Śródmieście"
52.0,560000,"Wrocław, Stare Miasto"
65.5,728000,"Wrocław, Psie Pole"
27.0,469000,"Wrocław, Stare Miasto"
43.36,670000,"Wrocław, Stare Miasto"
70.0,750000,"Wrocław, Fabryczna"
37.24,669000,"Wrocław, Fabryczna"
22.6,290000,"Wrocław, Psie Pole"
72.2,960000,"Wrocław, Fabryczna"
159.0,879000,"Wrocław, Krzyki"
40.7,645000,"Wrocław, Krzyki"
48.27,676000,"Wrocław, Krzyki"
29.75,400000,"Wrocław, Krzyki"
80.0,1499000,"Wrocław, Śródmieście"
55.34,795693,"Wrocław, Stare Miasto"
53.11,961000,"Wrocław, Śródmieście"
69.6,899000,"Wrocław, Psie Pole"
49.88,699000,"Wrocław, Krzyki"
87.44,1210473,"Wrocław, Stare Miasto"
40.81,509309,"Wrocław, Krzyki"
32.49,559000,"Wrocław, Stare Miasto"
26.6,497420,"Wrocław, Śródmieście"
27.09,513040,"Wrocław, Stare Miasto"
44.8,573000,"Wrocław, Krzyki"
25.53,519000,"Wrocław, Śródmieście"
43.57,888000,"Wrocław, Stare Miasto"
60.9,657400,"Wrocław, Krzyki"
80.0,940000,"Wrocław, Krzyki"
55.0,599000,"Wrocław, Stare Miasto"
80.1,870000,"Wrocław, Śródmieście"
65.5,728000,"Wrocław, Psie Pole"
57.1,615000,"Wrocław, Krzyki"
62.87,628700,"Wrocław, Psie Pole"
61.0,799000,"Wrocław, Psie Pole"
60.0,1130000,"Wrocław, Śródmieście"
79.4,726800,"Wrocław, Fabryczna"
63.53,1025000,"Wrocław, Fabryczna"
53.4,649000,"Wrocław, Psie Pole"
38.31,680000,"Wrocław, Krzyki"
35.1,554999,"Wrocław, Stare Miasto"
125.26,1500000,"Wrocław, Śródmieście"
59.2,725000,"Wrocław, Krzyki"
52.5,999999,"Wrocław, Fabryczna"
52.0,590000,"Wrocław, Stare Miasto"
39.88,660000,"Wrocław, Krzyki"
138.13,1149000,"Wrocław, Krzyki"
101.28,1077000,"Wrocław, Krzyki"
67.0,1100000,"Wrocław, Psie Pole"
129.0,1590000,"Wrocław, Stare Miasto"
13.5,204987,"Wrocław, Krzyki"
30.4,450000,"Wrocław, Krzyki"
27.0,469000,"Wrocław, Stare Miasto"
35.53,469987,"Wrocław, Stare Miasto"
42.96,460146,Wrocław
26.0,330950,"Wrocław, Fabryczna"
60.0,610000,"Wrocław, Psie Pole"
60.16,690000,"Wrocław, Śródmieście"
51.77,538408,Wrocław
118.25,978267,"Wrocław, Fabryczna"
35.53,469987,"Wrocław, Stare Miasto"
41.4,480240,Wrocław
52.97,553536,Wrocław
44.44,470958,Wrocław
47.8,501900,Wrocław
69.27,644211,Wrocław
45.45,559000,"Wrocław, Fabryczna"
44.0,550000,"Wrocław, Fabryczna"
135.5,1590000,"Wrocław, Krzyki"
43.95,659000,"Wrocław, Śródmieście"
48.27,676000,"Wrocław, Krzyki"
62.0,599999,"Wrocław, Śródmieście"
62.0,599999,"Wrocław, Śródmieście"
70.6,940000,"Wrocław, Fabryczna"
48.76,472972,"Wrocław, Krzyki"
32.59,369000,"Wrocław, Krzyki"
40.6,695000,"Wrocław, Fabryczna"
50.45,720000,"Wrocław, Fabryczna"
54.97,574436,Wrocław
69.26,637192,Wrocław
35.82,447750,Wrocław
58.0,800000,Wrocław
45.0,649000,"Wrocław, Fabryczna"
42.0,489400,"Wrocław, Fabryczna"
70.53,1069500,"Wrocław, Stare Miasto"
44.44,479952,Wrocław
51.77,538408,Wrocław
38.0,559999,Wrocław
22.05,575000,"Wrocław, Śródmieście"
52.68,550576,Wrocław
41.66,491588,Wrocław
69.83,635453,Wrocław
52.6,541780,Wrocław
42.94,459616,Wrocław
46.8,575000,"Wrocław, Fabryczna"
32.0,430000,Wrocław
51.0,664700,"Wrocław, Stare Miasto"
42.0,620000,"Wrocław, Krzyki"
44.0,569000,"Wrocław, Fabryczna"
45.5,689000,Wrocław
28.14,413658,"Wrocław, Fabryczna"
42.0,600000,"Wrocław, Fabryczna"
49.4,615000,"Wrocław, Fabryczna"
80.3,795000,"Wrocław, Fabryczna"
64.44,680000,"Wrocław, Fabryczna"
40.0,779999,"Wrocław, Stare Miasto"
51.06,515706,Wrocław
23.0,279000,"Wrocław, Psie Pole"
85.0,819000,"Wrocław, Krzyki"
66.0,829000,"Wrocław, Stare Miasto"
35.81,447625,Wrocław
43.0,455164,Wrocław
69.24,643932,Wrocław
49.08,505524,Wrocław
61.4,680000,"Wrocław, Psie Pole"
53.0,659000,"Wrocław, Fabryczna"
48.0,619000,"Wrocław, Krzyki"
51.0,635000,"Wrocław, Krzyki"
50.51,879000,Wrocław
61.6,560000,"Wrocław, Krzyki"
54.0,660000,"Wrocław, Krzyki"
60.0,610000,"Wrocław, Psie Pole"
38.0,599000,"Wrocław, Stare Miasto"
74.0,1150000,"Wrocław, Stare Miasto"
59.0,820000,"Wrocław, Psie Pole"
51.8,645000,"Wrocław, Psie Pole"
62.43,738500,"Wrocław, Śródmieście"
58.63,732875,"Wrocław, Krzyki"
59.72,716640,"Wrocław, Krzyki"
28.99,408759,"Wrocław, Krzyki"
38.44,538160,"Wrocław, Krzyki"
70.2,780000,"Wrocław, Stare Miasto"
58.1,830000,"Wrocław, Stare Miasto"
46.8,575000,"Wrocław, Fabryczna"
48.2,599000,"Wrocław, Krzyki"
54.0,599000,"Wrocław, Krzyki"
51.0,620000,"Wrocław, Fabryczna"
63.94,649000,"Wrocław, Fabryczna"
50.46,735000,"Wrocław, Krzyki"
70.0,999999,Wrocław
50.45,684995,Wrocław
75.05,860000,"Wrocław, Krzyki"
59.98,799995,"Wrocław, Fabryczna"
57.74,768999,"Wrocław, Fabryczna"
38.56,591896,"Wrocław, Krzyki"
47.05,599995,"Wrocław, Fabryczna"
41.0,640000,"Wrocław, Krzyki"
80.0,1265000,"Wrocław, Śródmieście"
52.0,590000,"Wrocław, Stare Miasto"
15.18,220000,"Wrocław, Stare Miasto"
52.0,599000,"Wrocław, Psie Pole"
38.51,59112850,"Wrocław, Krzyki"
32.45,51887550,"Wrocław, Krzyki"
48.5,576950,"Wrocław, Fabryczna"
45.0,913000,"Wrocław, Śródmieście"
46.0,520000,"Wrocław, Fabryczna"
74.3,920000,"Wrocław, Krzyki"
34.65,345000,"Wrocław, Śródmieście"
42.0,489400,"Wrocław, Fabryczna"
45.0,649000,"Wrocław, Fabryczna"
54.86,679000,"Wrocław, Psie Pole"
46.5,699000,"Wrocław, Śródmieście"
87.0,1180000,"Wrocław, Fabryczna"
34.0,490000,"Wrocław, Śródmieście"
46.14,569999,"Wrocław, Krzyki"
33.5,415030,"Wrocław, Fabryczna"
76.83,650000,"Wrocław, Psie Pole"
55.0,775000,"Wrocław, Fabryczna"
80.0,847000,"Wrocław, Fabryczna"
116.0,1180000,"Wrocław, Śródmieście"
33.0,450000,"Wrocław, Fabryczna"
69.0,850000,"Wrocław, Fabryczna"
63.53,1025000,"Wrocław, Fabryczna"
50.0,499000,"Wrocław, Stare Miasto"
67.2,780000,"Wrocław, Fabryczna"
49.13,500000,"Wrocław, Śródmieście"
68.0,599000,Wrocław
58.3,709000,"Wrocław, Krzyki"
55.79,720000,"Wrocław, Krzyki"
57.3,625000,"Wrocław, Fabryczna"
53.4,640000,"Wrocław, Śródmieście"
42.6,660000,Wrocław
57.95,1080000,"Wrocław, Fabryczna"
51.9,923820,"Wrocław, Śródmieście"
77.0,770000,"Wrocław, Śródmieście"
46.8,575000,"Wrocław, Fabryczna"
34.7,320000,"Wrocław, Psie Pole"
40.25,629000,"Wrocław, Fabryczna"
71.5,786500,"Wrocław, Fabryczna"
37.1,555000,"Wrocław, Stare Miasto"
93.79,800000,"Wrocław, Fabryczna"
35.0,560000,"Wrocław, Stare Miasto"
27.0,498585,"Wrocław, Krzyki"
69.0,793500,"Wrocław, Psie Pole"
44.4,670000,"Wrocław, Psie Pole"
48.9,499000,"Wrocław, Fabryczna"
43.95,659000,"Wrocław, Śródmieście"
55.22,719900,"Wrocław, Krzyki"
42.0,489400,"Wrocław, Fabryczna"
34.81,525000,"Wrocław, Krzyki"
48.8,619700,"Wrocław, Fabryczna"
63.0,1200000,"Wrocław, Stare Miasto"
54.0,798000,Wrocław
39.0,380000,"Wrocław, Psie Pole"
47.56,589777,"Wrocław, Śródmieście"
121.0,1020000,"Wrocław, Śródmieście"
26.0,410000,"Wrocław, Stare Miasto"
37.6,546000,"Wrocław, Krzyki"
52.3,689000,"Wrocław, Krzyki"
46.31,631340,"Wrocław, Fabryczna"
51.22,700080,"Wrocław, Fabryczna"
47.9,695000,"Wrocław, Psie Pole"
59.2,725000,"Wrocław, Krzyki"
80.0,1265000,"Wrocław, Śródmieście"
112.0,998500,"Wrocław, Krzyki"
145.0,2200000,"Wrocław, Śródmieście"
43.8,579000,"Wrocław, Psie Pole"
100.0,1270000,"Wrocław, Psie Pole"
47.25,579000,"Wrocław, Fabryczna"
97.0,970000,"Wrocław, Stare Miasto"
72.39,799000,"Wrocław, Krzyki"
40.4,669000,"Wrocław, Krzyki"
50.0,749000,"Wrocław, Psie Pole"
39.0,840000,"Wrocław, Krzyki"
38.9,485000,"Wrocław, Psie Pole"
25.53,519000,"Wrocław, Śródmieście"
26.5,389000,"Wrocław, Stare Miasto"
41.82,418200,Wrocław
62.0,649000,"Wrocław, Psie Pole"
54.0,629000,"Wrocław, Krzyki"
47.05,659000,"Wrocław, Fabryczna"
66.87,844000,"Wrocław, Krzyki"
66.0,680000,"Wrocław, Krzyki"
90.1,1013318,"Wrocław, Krzyki"
69.0,750000,"Wrocław, Psie Pole"
56.3,850000,"Wrocław, Fabryczna"
47.16,540000,"Wrocław, Psie Pole"
34.81,525000,"Wrocław, Krzyki"
42.0,719000,"Wrocław, Psie Pole"
40.0,419000,"Wrocław, Stare Miasto"
50.0,899000,"Wrocław, Stare Miasto"
39.07,640000,"Wrocław, Krzyki"
53.0,550000,"Wrocław, Krzyki"
56.09,560850,"Wrocław, Fabryczna"
81.3,1200000,"Wrocław, Krzyki"
23.7,395000,"Wrocław, Krzyki"
80.0,103877620,"Wrocław, Psie Pole"
27.0,399999,"Wrocław, Fabryczna"
61.0,619000,"Wrocław, Fabryczna"
51.04,645000,"Wrocław, Śródmieście"
27.0,469000,"Wrocław, Stare Miasto"
52.04,624000,"Wrocław, Psie Pole"
43.86,599000,"Wrocław, Fabryczna"
60.0,750000,"Wrocław, Fabryczna"
84.0,849000,"Wrocław, Śródmieście"
69.68,795000,Wrocław
27.1,419900,"Wrocław, Stare Miasto"
47.82,620000,"Wrocław, Psie Pole"
48.6,600000,"Wrocław, Stare Miasto"
65.5,729000,"Wrocław, Psie Pole"
111.63,1374195,"Wrocław, Psie Pole"
69.0,799000,"Wrocław, Fabryczna"
56.0,680000,"Wrocław, Krzyki"
53.11,961000,"Wrocław, Śródmieście"
55.0,599000,"Wrocław, Stare Miasto"
54.0,660000,"Wrocław, Krzyki"
21.07,389000,"Wrocław, Stare Miasto"
38.4,699000,"Wrocław, Stare Miasto"
70.0,849000,"Wrocław, Krzyki"
60.82,1100000,"Wrocław, Fabryczna"
51.61,1116900,"Wrocław, Stare Miasto"
77.6,960000,"Wrocław, Fabryczna"
107.6,1300000,"Wrocław, Psie Pole"
59.62,1380000,"Wrocław, Krzyki"
50.44,590148,Wrocław
26.05,390000,"Wrocław, Psie Pole"
58.0,800000,Wrocław
63.53,1025000,"Wrocław, Fabryczna"
45.0,649000,"Wrocław, Fabryczna"
62.86,869000,"Wrocław, Stare Miasto"
77.37,938884,"Wrocław, Stare Miasto"
33.6,584640,"Wrocław, Śródmieście"
77.38,918881,"Wrocław, Stare Miasto"
92.13,1082000,"Wrocław, Krzyki"
26.8,463500,"Wrocław, Stare Miasto"
32.76,412500,"Wrocław, Psie Pole"
63.82,719000,"Wrocław, Psie Pole"
74.8,970530,"Wrocław, Stare Miasto"
98.45,1079058,"Wrocław, Stare Miasto"
27.0,469000,"Wrocław, Stare Miasto"
36.8,530000,"Wrocław, Fabryczna"
38.9,485000,"Wrocław, Psie Pole"
92.39,1049228,"Wrocław, Stare Miasto"
100.85,1199001,"Wrocław, Stare Miasto"
46.41,663663,"Wrocław, Krzyki"
37.89,499000,"Wrocław, Śródmieście"
73.48,821462,"Wrocław, Stare Miasto"
50.16,634000,"Wrocław, Stare Miasto"
72.18,875000,Wrocław
90.76,1100000,Wrocław
63.0,740000,"Wrocław, Krzyki"
51.59,669083,"Wrocław, Psie Pole"
40.25,629000,"Wrocław, Fabryczna"
20.35,400000,"Wrocław, Stare Miasto"
43.86,599000,"Wrocław, Fabryczna"
96.93,1349000,"Wrocław, Stare Miasto"
49.74,630000,Wrocław
74.56,929000,"Wrocław, Stare Miasto"
58.7,635872,"Wrocław, Psie Pole"
38.6,580000,Wrocław
81.4,1227105,"Wrocław, Stare Miasto"
25.95,405000,"Wrocław, Stare Miasto"
40.0,1199000,"Wrocław, Stare Miasto"
87.33,1210347,"Wrocław, Stare Miasto"
52.79,669000,"Wrocław, Psie Pole"
60.9,657400,"Wrocław, Krzyki"
38.7,559000,"Wrocław, Psie Pole"
49.88,699000,"Wrocław, Krzyki"
39.8,557500,"Wrocław, Stare Miasto"
38.82,499000,"Wrocław, Psie Pole"
56.67,829000,"Wrocław, Śródmieście"
58.8,995000,"Wrocław, Stare Miasto"
37.06,684000,Wrocław
47.52,1183248,"Wrocław, Stare Miasto"
40.04,740700,Wrocław
46.0,1299999,"Wrocław, Stare Miasto"
69.12,2004480,"Wrocław, Stare Miasto"
38.74,940000,"Wrocław, Stare Miasto"
27.0,469000,"Wrocław, Stare Miasto"
80.1,870000,"Wrocław, Śródmieście"
45.0,649000,"Wrocław, Fabryczna"
74.0,999000,"Wrocław, Psie Pole"
92.0,920000,Wrocław
73.48,821462,"Wrocław, Stare Miasto"
117.0,3510000,"Wrocław, Stare Miasto"
63.7,887000,"Wrocław, Psie Pole"
46.0,650000,"Wrocław, Stare Miasto"
70.0,910000,"Wrocław, Psie Pole"
50.0,820000,"Wrocław, Stare Miasto"
64.0,698000,"Wrocław, Krzyki"
75.48,1198000,"Wrocław, Śródmieście"
48.17,660000,"Wrocław, Psie Pole"
70.6,940000,"Wrocław, Fabryczna"
69.0,690000,"Wrocław, Fabryczna"
40.5,439000,"Wrocław, Psie Pole"
60.14,599000,Wrocław
80.17,105866180,"Wrocław, Psie Pole"
79.98,948318,"Wrocław, Stare Miasto"
64.7,850000,"Wrocław, Krzyki"
42.93,561255,"Wrocław, Krzyki"
69.22,747576,"Wrocław, Psie Pole"
66.55,679000,"Wrocław, Psie Pole"
66.1,890000,Wrocław
77.97,777000,"Wrocław, Krzyki"
38.0,599000,"Wrocław, Stare Miasto"
40.0,419000,"Wrocław, Stare Miasto"
34.7,320000,"Wrocław, Psie Pole"
60.0,1700000,"Wrocław, Psie Pole"
74.56,929000,"Wrocław, Stare Miasto"
68.69,597603,"Wrocław, Fabryczna"
47.8,649000,"Wrocław, Krzyki"
88.83,1598851,"Wrocław, Krzyki"
49.5,669900,"Wrocław, Śródmieście"
64.3,879000,"Wrocław, Psie Pole"
94.8,1290000,"Wrocław, Śródmieście"
102.3,890000,"Wrocław, Stare Miasto"
58.72,769000,"Wrocław, Fabryczna"
48.17,660000,"Wrocław, Psie Pole"
46.8,575000,"Wrocław, Fabryczna"
38.7,559000,"Wrocław, Psie Pole"
58.72,769000,"Wrocław, Fabryczna"
52.92,749000,"Wrocław, Fabryczna"
51.8,950000,"Wrocław, Śródmieście"
62.93,818027,"Wrocław, Stare Miasto"
41.0,519000,"Wrocław, Krzyki"
57.5,630000,"Wrocław, Psie Pole"
37.45,629000,"Wrocław, Krzyki"
66.8,1249000,"Wrocław, Psie Pole"
92.63,1160000,"Wrocław, Krzyki"
55.04,800000,"Wrocław, Krzyki"
42.0,549000,"Wrocław, Fabryczna"
48.2,599000,"Wrocław, Krzyki"
52.04,624000,"Wrocław, Psie Pole"
47.52,589000,"Wrocław, Psie Pole"
62.0,749000,"Wrocław, Śródmieście"
63.0,1259000,"Wrocław, Stare Miasto"
84.5,990000,"Wrocław, Stare Miasto"
39.84,569000,"Wrocław, Śródmieście"
69.0,1199000,"Wrocław, Krzyki"
85.0,1389000,"Wrocław, Fabryczna"
70.0,850000,"Wrocław, Krzyki"
54.0,699000,"Wrocław, Fabryczna"
40.28,349900,"Wrocław, Psie Pole"
69.0,690000,"Wrocław, Fabryczna"
29.0,402900,"Wrocław, Stare Miasto"
39.22,570000,"Wrocław, Krzyki"
100.85,1129000,"Wrocław, Stare Miasto"
69.15,69603410,"Wrocław, Psie Pole"
92.2,1056904,"Wrocław, Stare Miasto"
61.0,1100000,"Wrocław, Fabryczna"
59.0,900000,"Wrocław, Krzyki"
46.0,600000,"Wrocław, Stare Miasto"
57.35,800000,"Wrocław, Krzyki"
167.5,1750000,"Wrocław, Krzyki"
92.0,1200000,"Wrocław, Stare Miasto"
59.94,1010000,"Wrocław, Krzyki"
30.0,368950,"Wrocław, Fabryczna"
67.2,780000,"Wrocław, Fabryczna"
51.0,664700,"Wrocław, Stare Miasto"
78.38,1350000,"Wrocław, Śródmieście"
81.9,1199000,"Wrocław, Krzyki"
52.7,559000,"Wrocław, Psie Pole"
43.42,1070000,"Wrocław, Stare Miasto"
48.8,689000,"Wrocław, Krzyki"
68.11,1021650,"Wrocław, Psie Pole"
35.01,511000,"Wrocław, Krzyki"
54.84,799000,"Wrocław, Psie Pole"
32.84,440000,"Wrocław, Krzyki"
52.92,890000,"Wrocław, Stare Miasto"
42.0,719000,"Wrocław, Psie Pole"
69.0,690000,"Wrocław, Fabryczna"
54.0,599000,"Wrocław, Krzyki"
54.4,665000,Wrocław
53.9,759000,"Wrocław, Fabryczna"
61.0,749900,Wrocław
40.5,660000,"Wrocław, Psie Pole"
57.2,789000,"Wrocław, Fabryczna"
46.7,580000,"Wrocław, Fabryczna"
57.05,700000,"Wrocław, Śródmieście"
143.6,2299000,"Wrocław, Krzyki"
109.0,1399000,"Wrocław, Krzyki"
58.5,899000,"Wrocław, Fabryczna"
29.0,402900,"Wrocław, Stare Miasto"
112.0,1100000,Wrocław
63.53,1025000,"Wrocław, Fabryczna"
62.3,790000,"Wrocław, Fabryczna"
38.4,699000,"Wrocław, Stare Miasto"
56.48,649000,"Wrocław, Krzyki"
57.5,799000,"Wrocław, Fabryczna"
49.2,629000,"Wrocław, Psie Pole"
93.17,899000,Wrocław
34.5,550000,"Wrocław, Krzyki"
57.0,690000,"Wrocław, Krzyki"
81.91,789000,"Wrocław, Krzyki"
48.77,695000,"Wrocław, Psie Pole"
27.0,469000,"Wrocław, Stare Miasto"
34.81,525000,"Wrocław, Krzyki"
38.0,599000,"Wrocław, Stare Miasto"
39.01,555000,"Wrocław, Fabryczna"
55.5,650000,"Wrocław, Fabryczna"
116.28,1350000,Wrocław
34.0,482000,"Wrocław, Krzyki"
100.5,4900000,"Wrocław, Psie Pole"
37.0,525000,"Wrocław, Fabryczna"
50.1,720000,"Wrocław, Psie Pole"
48.8,585000,"Wrocław, Fabryczna"
61.0,859000,"Wrocław, Fabryczna"
55.93,745000,"Wrocław, Krzyki"
80.1,870000,"Wrocław, Śródmieście"
41.0,585000,"Wrocław, Psie Pole"
42.0,489400,"Wrocław, Fabryczna"
105.0,1120000,"Wrocław, Krzyki"
76.0,1088000,"Wrocław, Krzyki"
65.0,729000,"Wrocław, Krzyki"
46.4,569000,"Wrocław, Krzyki"
75.75,1180000,"Wrocław, Psie Pole"
64.3,739450,"Wrocław, Krzyki"
71.0,649000,"Wrocław, Psie Pole"
42.0,630000,"Wrocław, Stare Miasto"
59.19,1470000,"Wrocław, Stare Miasto"
34.0,484999,Wrocław
43.36,670000,"Wrocław, Stare Miasto"
80.0,1265000,"Wrocław, Śródmieście"
30.0,368950,"Wrocław, Fabryczna"
34.0,484999,Wrocław
100.0,1270000,"Wrocław, Psie Pole"
64.56,1299000,"Wrocław, Stare Miasto"
59.25,670000,"Wrocław, Fabryczna"
121.0,1259000,"Wrocław, Krzyki"
55.42,649000,"Wrocław, Krzyki"
71.0,779000,"Wrocław, Fabryczna"
60.0,1470000,"Wrocław, Stare Miasto"
49.19,799000,"Wrocław, Stare Miasto"
32.02,348000,Wrocław
54.0,599000,"Wrocław, Krzyki"
65.5,728000,"Wrocław, Psie Pole"
54.57,699000,"Wrocław, Krzyki"
47.0,749900,"Wrocław, Śródmieście"
43.21,700000,"Wrocław, Krzyki"
39.16,699000,"Wrocław, Krzyki"
41.1,757268,"Wrocław, Śródmieście"
74.4,1171800,"Wrocław, Śródmieście"
31.0,389900,"Wrocław, Fabryczna"
46.0,644000,Wrocław
38.0,645000,"Wrocław, Psie Pole"
63.0,675000,"Wrocław, Fabryczna"
60.0,570000,"Wrocław, Krzyki"
63.53,1025000,"Wrocław, Fabryczna"
112.0,1100000,Wrocław
41.0,585000,"Wrocław, Psie Pole"
83.0,749000,"Wrocław, Psie Pole"
100.0,1059000,"Wrocław, Krzyki"
51.2,549000,"Wrocław, Fabryczna"
38.6,459000,"Wrocław, Fabryczna"
41.79,600000,"Wrocław, Fabryczna"
68.51,949000,"Wrocław, Fabryczna"
30.61,550000,"Wrocław, Krzyki"
57.0,630000,"Wrocław, Psie Pole"
34.3,485000,"Wrocław, Fabryczna"
57.67,999000,"Wrocław, Fabryczna"
51.0,664700,"Wrocław, Stare Miasto"
69.0,690000,"Wrocław, Fabryczna"
48.27,676000,"Wrocław, Krzyki"
54.2,649000,Wrocław
47.0,759000,"Wrocław, Krzyki"
67.0,1100000,"Wrocław, Śródmieście"
60.19,607317,"Wrocław, Psie Pole"
65.38,693028,"Wrocław, Krzyki"
64.0,699900,"Wrocław, Fabryczna"
150.0,4300000,"Wrocław, Stare Miasto"
47.0,739000,"Wrocław, Stare Miasto"
29.0,529000,"Wrocław, Psie Pole"
33.0,444000,"Wrocław, Krzyki"
52.04,624000,"Wrocław, Psie Pole"
23.0,279000,"Wrocław, Psie Pole"
36.8,530000,"Wrocław, Fabryczna"
55.0,665000,"Wrocław, Krzyki"
42.85,561335,"Wrocław, Krzyki"
30.11,525000,"Wrocław, Stare Miasto"
59.1,768200,"Wrocław, Psie Pole"
73.15,799000,"Wrocław, Fabryczna"
40.0,529999,Wrocław
52.0,645000,"Wrocław, Psie Pole"
72.28,1185000,"Wrocław, Śródmieście"
52.0,720000,"Wrocław, Stare Miasto"
63.11,599000,"Wrocław, Krzyki"
60.9,657400,"Wrocław, Krzyki"
42.0,719000,"Wrocław, Psie Pole"
64.0,590000,"Wrocław, Krzyki"
42.0,660000,"Wrocław, Krzyki"
46.89,599000,"Wrocław, Stare Miasto"
75.65,570000,"Wrocław, Psie Pole"
49.96,625000,"Wrocław, Fabryczna"
69.91,833000,"Wrocław, Krzyki"
49.42,1050000,"Wrocław, Śródmieście"
112.0,1100000,Wrocław
56.61,999000,"Wrocław, Krzyki"
71.11,1390000,Wrocław
64.0,825000,"Wrocław, Psie Pole"
48.17,660000,"Wrocław, Psie Pole"
25.53,519000,"Wrocław, Śródmieście"
45.0,649000,"Wrocław, Fabryczna"
66.0,650000,"Wrocław, Stare Miasto"
105.0,1249000,"Wrocław, Śródmieście"
80.41,729000,"Wrocław, Śródmieście"
85.28,972000,"Wrocław, Krzyki"
63.63,730000,"Wrocław, Psie Pole"
42.9,598000,"Wrocław, Fabryczna"
64.1,899000,"Wrocław, Psie Pole"
28.29,477000,"Wrocław, Stare Miasto"
61.0,657400,"Wrocław, Krzyki"
102.6,955000,"Wrocław, Krzyki"
44.8,573000,"Wrocław, Krzyki"
40.25,629000,"Wrocław, Fabryczna"
55.0,599000,"Wrocław, Stare Miasto"
64.18,759999,"Wrocław, Stare Miasto"
46.5,799000,"Wrocław, Stare Miasto"
75.0,1149000,"Wrocław, Krzyki"
25.0,370000,"Wrocław, Stare Miasto"
98.63,1230000,"Wrocław, Krzyki"
30.1,650000,"Wrocław, Krzyki"
82.98,1104000,"Wrocław, Stare Miasto"
35.61,473613,Wrocław
44.68,594244,Wrocław
74.5,850000,Wrocław
60.9,657400,"Wrocław, Krzyki"
59.2,725000,"Wrocław, Krzyki"
43.5,729000,"Wrocław, Fabryczna"
47.38,565000,"Wrocław, Krzyki"
62.7,807000,"Wrocław, Krzyki"
37.0,565000,"Wrocław, Stare Miasto"
69.7,729000,"Wrocław, Fabryczna"
52.7,659000,"Wrocław, Stare Miasto"
50.25,560000,"Wrocław, Śródmieście"
65.5,728000,"Wrocław, Psie Pole"
52.67,625000,Wrocław
67.0,920000,"Wrocław, Stare Miasto"
50.0,499000,"Wrocław, Fabryczna"
36.8,530000,"Wrocław, Fabryczna"
65.5,728000,"Wrocław, Psie Pole"
42.0,719000,"Wrocław, Psie Pole"
81.0,1180000,Wrocław
58.56,785000,"Wrocław, Krzyki"
79.0,758930,"Wrocław, Fabryczna"
50.0,939900,"Wrocław, Stare Miasto"
29.86,465000,"Wrocław, Krzyki"
101.6,1360000,"Wrocław, Psie Pole"
48.74,599000,"Wrocław, Fabryczna"
38.0,570000,"Wrocław, Stare Miasto"
55.8,690000,"Wrocław, Krzyki"
38.0,415000,"Wrocław, Śródmieście"
48.2,599000,"Wrocław, Krzyki"
42.0,549000,"Wrocław, Fabryczna"
23.0,279000,"Wrocław, Psie Pole"
45.73,498960,"Wrocław, Krzyki"
62.0,727000,"Wrocław, Krzyki"
34.2,600000,Wrocław
54.57,699000,"Wrocław, Krzyki"
74.6,750000,"Wrocław, Fabryczna"
45.0,499000,"Wrocław, Psie Pole"
41.6,550000,"Wrocław, Fabryczna"
33.5,455000,"Wrocław, Psie Pole"
56.0,699000,"Wrocław, Krzyki"
71.0,745000,"Wrocław, Fabryczna"
52.04,624000,"Wrocław, Psie Pole"
65.5,728000,"Wrocław, Psie Pole"
25.53,519000,"Wrocław, Śródmieście"
76.15,1540000,"Wrocław, Krzyki"
29.7,420000,"Wrocław, Fabryczna"
25.0,370000,"Wrocław, Stare Miasto"
67.0,655000,"Wrocław, Psie Pole"
83.01,926200,"Wrocław, Krzyki"
43.62,569000,"Wrocław, Fabryczna"
33.0,399000,"Wrocław, Fabryczna"
43.95,659000,Wrocław
36.99,459000,Wrocław
42.2,587000,"Wrocław, Śródmieście"
135.5,1590000,"Wrocław, Krzyki"
54.0,660000,"Wrocław, Krzyki"
25.53,519000,"Wrocław, Śródmieście"
49.23,615000,"Wrocław, Stare Miasto"
32.0,505600,"Wrocław, Fabryczna"
22.11,362604,"Wrocław, Fabryczna"
32.0,508800,"Wrocław, Fabryczna"
36.97,499000,"Wrocław, Śródmieście"
85.26,895000,"Wrocław, Psie Pole"
79.0,1390000,"Wrocław, Fabryczna"
34.0,489000,"Wrocław, Stare Miasto"
26.0,449999,"Wrocław, Fabryczna"
60.0,990000,"Wrocław, Stare Miasto"
36.8,530000,"Wrocław, Fabryczna"
46.8,575000,"Wrocław, Fabryczna"
42.0,822000,"Wrocław, Stare Miasto"
40.8,589000,"Wrocław, Psie Pole"
37.84,510000,Wrocław
113.5,830000,"Wrocław, Śródmieście"
63.3,739000,"Wrocław, Stare Miasto"
75.0,325000,"Wrocław, Psie Pole"
41.0,679000,"Wrocław, Psie Pole"
68.92,787000,"Wrocław, Krzyki"
48.67,950000,"Wrocław, Śródmieście"
56.18,560000,"Wrocław, Psie Pole"
41.5,590000,"Wrocław, Krzyki"
80.0,1265000,"Wrocław, Śródmieście"
69.0,980000,"Wrocław, Stare Miasto"
39.22,570000,"Wrocław, Krzyki"
33.23,455000,"Wrocław, Krzyki"
52.0,670000,"Wrocław, Krzyki"
39.92,798000,"Wrocław, Fabryczna"
63.0,699000,"Wrocław, Fabryczna"
90.0,1020000,"Wrocław, Śródmieście"
161.15,799000,"Wrocław, Stare Miasto"
38.02,459800,"Wrocław, Fabryczna"
45.47,660000,"Wrocław, Psie Pole"
48.0,530000,"Wrocław, Fabryczna"
46.13,579996,"Wrocław, Krzyki"
40.0,419000,"Wrocław, Stare Miasto"
27.0,469000,"Wrocław, Stare Miasto"
64.0,590000,"Wrocław, Krzyki"
59.43,921009,"Wrocław, Krzyki"
60.4,634200,"Wrocław, Fabryczna"
61.17,685000,"Wrocław, Psie Pole"
28.37,439000,Wrocław
28.14,439000,Wrocław
52.22,667800,"Wrocław, Krzyki"
98.0,685900,"Wrocław, Fabryczna"
54.0,699000,"Wrocław, Fabryczna"
25.52,299900,"Wrocław, Psie Pole"
72.91,779000,Wrocław
54.0,599000,"Wrocław, Krzyki"
43.86,599000,"Wrocław, Fabryczna"
39.84,565000,"Wrocław, Śródmieście"
91.1,769000,"Wrocław, Psie Pole"
66.84,902340,"Wrocław, Krzyki"
24.4,421204,Wrocław
101.8,1199999,"Wrocław, Krzyki"
63.99,790000,"Wrocław, Krzyki"
29.88,374900,"Wrocław, Fabryczna"
44.13,615000,"Wrocław, Fabryczna"
48.88,698000,"Wrocław, Krzyki"
80.6,749000,"Wrocław, Fabryczna"
25.0,599000,"Wrocław, Stare Miasto"
41.0,640000,"Wrocław, Krzyki"
80.1,870000,"Wrocław, Śródmieście"
80.0,1265000,"Wrocław, Śródmieście"
22.6,325000,"Wrocław, Psie Pole"
52.49,83585075,"Wrocław, Fabryczna"
91.75,998000,"Wrocław, Stare Miasto"
77.01,769995,"Wrocław, Psie Pole"
45.72,595000,"Wrocław, Fabryczna"
48.0,743500,"Wrocław, Stare Miasto"
48.0,585000,"Wrocław, Krzyki"
47.0,650000,"Wrocław, Śródmieście"
49.97,620000,"Wrocław, Psie Pole"
53.0,785000,"Wrocław, Krzyki"
44.8,573000,"Wrocław, Krzyki"
26.5,389000,"Wrocław, Stare Miasto"
46.24,655000,"Wrocław, Śródmieście"
34.0,480000,"Wrocław, Krzyki"
48.0,585000,Wrocław
87.0,954000,"Wrocław, Fabryczna"
56.61,799000,"Wrocław, Stare Miasto"
59.8,998600,"Wrocław, Fabryczna"
41.5,520000,"Wrocław, Krzyki"
64.73,839000,"Wrocław, Psie Pole"
24.0,420000,"Wrocław, Krzyki"
56.0,1299000,"Wrocław, Stare Miasto"
104.35,740885,"Wrocław, Fabryczna"
23.0,279000,"Wrocław, Psie Pole"
54.0,660000,"Wrocław, Krzyki"
25.53,519000,"Wrocław, Śródmieście"
126.56,898576,"Wrocław, Fabryczna"
47.0,640000,"Wrocław, Fabryczna"
58.2,550000,"Wrocław, Fabryczna"
66.0,689000,"Wrocław, Śródmieście"
69.43,638756,Wrocław
42.35,495495,Wrocław
46.65,480495,Wrocław
44.14,542922,Wrocław
155.53,1997000,"Wrocław, Krzyki"
42.0,599000,"Wrocław, Fabryczna"
80.1,870000,"Wrocław, Śródmieście"
64.0,590000,"Wrocław, Krzyki"
58.0,800000,Wrocław
75.0,799000,"Wrocław, Krzyki"
41.0,640000,"Wrocław, Krzyki"
42.43,65183940,"Wrocław, Krzyki"
38.47,59384220,"Wrocław, Krzyki"
39.44,59135150,"Wrocław, Krzyki"
51.8,645000,"Wrocław, Psie Pole"
32.08,559000,"Wrocław, Stare Miasto"
40.47,670000,"Wrocław, Fabryczna"
57.0,659000,"Wrocław, Fabryczna"
28.5,399000,"Wrocław, Krzyki"
40.0,419000,"Wrocław, Stare Miasto"
48.17,660000,"Wrocław, Psie Pole"
69.0,690000,"Wrocław, Fabryczna"
59.0,899000,"Wrocław, Krzyki"
44.0,669000,"Wrocław, Fabryczna"
68.71,82445130,"Wrocław, Krzyki"
59.7,699000,"Wrocław, Fabryczna"
36.26,540000,"Wrocław, Śródmieście"
24.0,439000,"Wrocław, Krzyki"
29.0,499000,Wrocław
41.3,550000,"Wrocław, Fabryczna"
46.0,529000,"Wrocław, Stare Miasto"
36.0,555000,"Wrocław, Śródmieście"
27.0,469000,"Wrocław, Stare Miasto"
69.0,690000,"Wrocław, Fabryczna"
60.9,657400,"Wrocław, Krzyki"
57.0,660000,"Wrocław, Psie Pole"
51.5,799900,"Wrocław, Śródmieście"
55.05,789000,"Wrocław, Krzyki"
70.8,775000,"Wrocław, Stare Miasto"
52.01,625000,"Wrocław, Psie Pole"
45.4,520000,"Wrocław, Psie Pole"
62.8,735000,"Wrocław, Fabryczna"
36.05,747050,Wrocław
71.75,724259,"Wrocław, Fabryczna"
71.3,948290,"Wrocław, Śródmieście"
55.0,599000,"Wrocław, Stare Miasto"
42.0,489400,"Wrocław, Fabryczna"
32.0,430000,Wrocław
47.5,620000,"Wrocław, Fabryczna"
51.8,812000,Wrocław
28.53,499000,"Wrocław, Krzyki"
12.0,1094125,Wrocław
32.13,647740,"Wrocław, Stare Miasto"
52.0,889000,"Wrocław, Stare Miasto"
25.0,425000,"Wrocław, Stare Miasto"
46.0,680000,"Wrocław, Śródmieście"
42.62,580000,"Wrocław, Fabryczna"
51.0,850000,"Wrocław, Fabryczna"
38.0,599000,"Wrocław, Stare Miasto"
39.22,570000,"Wrocław, Krzyki"
42.0,580000,"Wrocław, Stare Miasto"
51.0,850000,"Wrocław, Fabryczna"
22.6,290000,"Wrocław, Psie Pole"
50.71,887000,"Wrocław, Fabryczna"
57.0,447000,Wrocław
70.0,749000,"Wrocław, Krzyki"
28.43,529000,"Wrocław, Psie Pole"
58.62,890000,"Wrocław, Krzyki"
81.0,1180000,Wrocław
51.87,865000,"Wrocław, Śródmieście"
43.02,769000,"Wrocław, Psie Pole"
55.0,599000,"Wrocław, Stare Miasto"
41.0,585000,"Wrocław, Psie Pole"
42.0,549000,"Wrocław, Fabryczna"
26.6,497420,"Wrocław, Śródmieście"
26.0,550000,"Wrocław, Krzyki"
71.39,724259,"Wrocław, Fabryczna"
77.96,768642,"Wrocław, Fabryczna"
95.76,907605,"Wrocław, Fabryczna"
78.2,935000,"Wrocław, Krzyki"
64.0,895000,"Wrocław, Krzyki"
94.78,854064,"Wrocław, Fabryczna"
67.0,645000,"Wrocław, Psie Pole"
46.7,725000,"Wrocław, Śródmieście"
26.0,330950,"Wrocław, Fabryczna"
23.0,279000,"Wrocław, Psie Pole"
63.53,1025000,"Wrocław, Fabryczna"
72.0,1350000,"Wrocław, Stare Miasto"
74.0,900000,"Wrocław, Stare Miasto"
39.1,480000,"Wrocław, Stare Miasto"
50.0,630000,"Wrocław, Psie Pole"
34.0,539000,"Wrocław, Krzyki"
57.8,660000,"Wrocław, Krzyki"
52.8,668715,"Wrocław, Krzyki"
50.2,680000,"Wrocław, Fabryczna"
55.38,859000,"Wrocław, Stare Miasto"
65.5,948000,"Wrocław, Krzyki"
135.5,1590000,"Wrocław, Krzyki"
65.5,728000,"Wrocław, Psie Pole"
25.53,519000,"Wrocław, Śródmieście"
58.71,830000,"Wrocław, Fabryczna"
49.3,549000,"Wrocław, Psie Pole"
40.3,899999,"Wrocław, Krzyki"
43.0,639000,"Wrocław, Krzyki"
45.2,549700,"Wrocław, Fabryczna"
102.72,1199000,"Wrocław, Krzyki"
81.51,725000,"Wrocław, Krzyki"
63.13,935000,"Wrocław, Psie Pole"
56.97,743458,"Wrocław, Fabryczna"
52.3,688776,"Wrocław, Fabryczna"
55.0,599000,"Wrocław, Stare Miasto"
69.0,980000,"Wrocław, Stare Miasto"
65.5,728000,"Wrocław, Psie Pole"
47.69,619970,"Wrocław, Fabryczna"
66.0,829000,"Wrocław, Stare Miasto"
49.4,620000,"Wrocław, Krzyki"
88.0,775000,"Wrocław, Fabryczna"
48.55,665000,"Wrocław, Krzyki"
59.25,690000,"Wrocław, Fabryczna"
83.16,790020,"Wrocław, Krzyki"
54.0,690000,"Wrocław, Stare Miasto"
45.19,780000,Wrocław
38.7,559000,"Wrocław, Psie Pole"
53.0,580000,"Wrocław, Fabryczna"
42.0,580000,"Wrocław, Stare Miasto"
52.22,667800,"Wrocław, Krzyki"
73.74,779900,"Wrocław, Krzyki"
40.07,640000,"Wrocław, Krzyki"
35.34,480000,"Wrocław, Stare Miasto"
52.8,660000,"Wrocław, Fabryczna"
58.4,580000,"Wrocław, Fabryczna"
52.0,530000,"Wrocław, Fabryczna"
50.0,599000,"Wrocław, Psie Pole"
37.27,450000,"Wrocław, Śródmieście"
57.0,770000,"Wrocław, Krzyki"
57.6,659000,"Wrocław, Fabryczna"
42.0,822000,"Wrocław, Stare Miasto"
43.86,599000,"Wrocław, Fabryczna"
50.0,499000,"Wrocław, Stare Miasto"
97.72,970000,"Wrocław, Śródmieście"
33.5,536000,"Wrocław, Fabryczna"
56.27,775000,"Wrocław, Śródmieście"
48.8,689000,"Wrocław, Krzyki"
50.07,644000,"Wrocław, Fabryczna"
49.96,579000,Wrocław
40.51,526000,"Wrocław, Krzyki"
55.95,840000,"Wrocław, Krzyki"
33.0,615000,Wrocław
29.5,599000,"Wrocław, Stare Miasto"
50.46,735000,"Wrocław, Krzyki"
42.0,719000,"Wrocław, Psie Pole"
69.0,690000,"Wrocław, Fabryczna"
33.0,459900,"Wrocław, Krzyki"
47.6,525000,"Wrocław, Stare Miasto"
40.0,481585,"Wrocław, Fabryczna"
118.78,1783482,"Wrocław, Krzyki"
51.3,650000,"Wrocław, Stare Miasto"
75.0,799000,"Wrocław, Krzyki"
34.4,760000,"Wrocław, Stare Miasto"
35.0,580000,"Wrocław, Krzyki"
40.0,555000,Wrocław
70.0,680000,"Wrocław, Fabryczna"
56.0,699000,"Wrocław, Śródmieście"
54.0,660000,"Wrocław, Krzyki"
54.57,699000,"Wrocław, Krzyki"
76.58,1199000,"Wrocław, Krzyki"
68.55,859000,"Wrocław, Śródmieście"
25.0,365000,"Wrocław, Stare Miasto"
85.08,949000,"Wrocław, Psie Pole"
136.0,1590000,"Wrocław, Krzyki"
48.96,770000,Wrocław
35.0,600000,"Wrocław, Stare Miasto"
44.54,650000,"Wrocław, Fabryczna"
48.48,690000,"Wrocław, Krzyki"
47.8,511460,Wrocław
85.0,819000,"Wrocław, Krzyki"
60.9,657400,"Wrocław, Krzyki"
43.86,599000,"Wrocław, Fabryczna"
43.17,453285,Wrocław
49.19,637000,"Wrocław, Fabryczna"
48.36,637000,"Wrocław, Fabryczna"
56.0,769000,"Wrocław, Fabryczna"
27.79,431490,"Wrocław, Fabryczna"
43.19,458220,Wrocław
61.01,657399,Wrocław
51.62,543585,Wrocław
123.0,3700000,"Wrocław, Krzyki"
47.3,489000,"Wrocław, Śródmieście"
41.0,640000,"Wrocław, Krzyki"
69.0,690000,"Wrocław, Fabryczna"
54.86,679000,"Wrocław, Psie Pole"
27.4,643900,"Wrocław, Stare Miasto"
38.31,399000,Wrocław
77.0,890000,"Wrocław, Fabryczna"
35.5,619000,"Wrocław, Stare Miasto"
56.4,729000,"Wrocław, Psie Pole"
47.91,498264,Wrocław
42.05,445730,Wrocław
49.0,620000,"Wrocław, Fabryczna"
27.0,435000,"Wrocław, Krzyki"
39.0,355000,"Wrocław, Śródmieście"
65.5,728000,"Wrocław, Psie Pole"
38.0,599000,"Wrocław, Stare Miasto"
51.0,664700,"Wrocław, Stare Miasto"
42.05,445730,Wrocław
55.98,590310,Wrocław
52.42,499000,"Wrocław, Śródmieście"
60.0,1199000,"Wrocław, Śródmieście"
30.0,378070,"Wrocław, Fabryczna"
48.2,639000,"Wrocław, Krzyki"
31.0,435000,"Wrocław, Fabryczna"
107.45,1650000,"Wrocław, Śródmieście"
114.0,1650000,"Wrocław, Krzyki"
74.59,720000,"Wrocław, Śródmieście"
27.0,469000,"Wrocław, Stare Miasto"
135.5,1590000,"Wrocław, Krzyki"
49.88,699000,"Wrocław, Krzyki"
39.8,649000,"Wrocław, Stare Miasto"
43.0,520000,"Wrocław, Krzyki"
56.0,829000,"Wrocław, Śródmieście"
31.78,355936,Wrocław
47.0,761400,"Wrocław, Krzyki"
42.27,442680,Wrocław
40.98,660000,"Wrocław, Krzyki"
107.81,1190000,"Wrocław, Śródmieście"
65.3,769000,"Wrocław, Krzyki"
26.9,549000,Wrocław
67.2,780000,"Wrocław, Fabryczna"
69.0,980000,"Wrocław, Stare Miasto"
50.46,735000,"Wrocław, Krzyki"
34.61,689000,"Wrocław, Stare Miasto"
56.79,859000,"Wrocław, Stare Miasto"
36.0,599000,Wrocław
47.79,477900,Wrocław
67.9,669000,"Wrocław, Stare Miasto"
98.53,1364000,"Wrocław, Stare Miasto"
45.61,729000,"Wrocław, Stare Miasto"
35.1,549000,"Wrocław, Krzyki"
153.5,4380000,"Wrocław, Stare Miasto"
44.54,1180310,"Wrocław, Stare Miasto"
64.0,590000,"Wrocław, Krzyki"
38.9,485000,"Wrocław, Psie Pole"
36.8,530000,"Wrocław, Fabryczna"
49.0,620000,"Wrocław, Fabryczna"
48.22,1277830,"Wrocław, Stare Miasto"
61.2,779000,"Wrocław, Psie Pole"
48.0,535000,"Wrocław, Śródmieście"
57.65,889000,"Wrocław, Psie Pole"
38.15,580000,"Wrocław, Krzyki"
70.0,2002022,"Wrocław, Śródmieście"
40.0,649000,"Wrocław, Krzyki"
55.53,721000,"Wrocław, Krzyki"
43.0,615000,"Wrocław, Fabryczna"
63.53,1025000,"Wrocław, Fabryczna"
85.0,819000,"Wrocław, Krzyki"
40.0,419000,"Wrocław, Stare Miasto"
60.56,920000,"Wrocław, Krzyki"
77.49,1159600,"Wrocław, Psie Pole"
60.44,846160,"Wrocław, Fabryczna"
60.79,759875,"Wrocław, Fabryczna"
44.6,550000,"Wrocław, Fabryczna"
62.55,699000,"Wrocław, Śródmieście"
37.06,537370,"Wrocław, Fabryczna"
75.0,980000,"Wrocław, Stare Miasto"
101.96,1350000,"Wrocław, Psie Pole"
90.79,890000,"Wrocław, Fabryczna"
